https://image1.jdomni.in/product/63/B6/6F/Enigmatic-8-Red-Rose-Bouquet_1495792408485.jpg?fit=around|400:400;Enigmatic 8 Red Rose Bouquet;495;1
https://image1.jdomni.in/product/15032018/0E/90/76/22242E0FA9F0C8CCF09C096F8B_1521092116278.jpg?fit=around|400:400;Classic Lilac Freesias Bouquet;1;2
https://image1.jdomni.in/product/15032018/17/4C/CD/2A98FD627BB767AA3BD620D6CB_1521092231605.jpg?fit=around|400:400;Artificial Daffodil Spring Wreath Easter;15;3
https://image1.jdomni.in/product/03052018/65/9F/65/46AD8E50FE71962F5077A03795_1525338448336.jpg?fit=around|400:400;Bouquet Mixed Native And Proteas Flowers;450;1
https://image1.jdomni.in/product/07052018/DE/06/1B/1D0E2DFB29D0D16F9A375DAB88_1525701446015.jpeg?fit=around|400:400;Fresh Flowers;450;2
https://image1.jdomni.in/product/07052018/18/AB/B0/53980F0D4776DF2F5EB26524B4_1525701525610.jpeg?fit=around|400:400;Tulips;450;3
https://image1.jdomni.in/product/63/B6/6F/Enigmatic-8-Red-Rose-Bouquet_1495792408485.jpg?fit=around|400:400;Enigmatic 8 Red Rose Bouquet;495;1
https://image1.jdomni.in/product/15032018/0E/90/76/22242E0FA9F0C8CCF09C096F8B_1521092116278.jpg?fit=around|400:400;Classic Lilac Freesias Bouquet;1;2
https://image1.jdomni.in/product/15032018/17/4C/CD/2A98FD627BB767AA3BD620D6CB_1521092231605.jpg?fit=around|400:400;Artificial Daffodil Spring Wreath Easter;15;3
https://image1.jdomni.in/product/03052018/65/9F/65/46AD8E50FE71962F5077A03795_1525338448336.jpg?fit=around|400:400;Bouquet Mixed Native And Proteas Flowers;450;1
https://image1.jdomni.in/product/07052018/DE/06/1B/1D0E2DFB29D0D16F9A375DAB88_1525701446015.jpeg?fit=around|400:400;Fresh Flowers;450;2
https://image1.jdomni.in/product/07052018/18/AB/B0/53980F0D4776DF2F5EB26524B4_1525701525610.jpeg?fit=around|400:400;Tulips;450;3
